Nombre,Precio,Valoracion,Fecha,Tienda
"Samsung Galaxy A16 4G 128GB 4GB 6,7"" Negro Dual SIM",119.0,,2026-04-15,PcComponentes
Apple iPhone 15 128GB Negro Libre,639.0,,2026-04-15,PcComponentes
Apple iPhone 17 256GB Lavanda,959.0,,2026-04-15,PcComponentes
Apple iPhone 17 256 GB Negro,939.0,,2026-04-15,PcComponentes
"Realme C71 4G 6GB 128GB 6.67"" Blanco",109.0,N/A,2026-04-15,PcComponentes
"Samsung Galaxy A26 5G 6GB 128GB 6.7"" Negro",209.0,,2026-04-15,PcComponentes
Apple iPhone 17 256GB Azul Neblina,939.0,,2026-04-15,PcComponentes
Apple iPhone 17 256GB Blanco,939.0,,2026-04-15,PcComponentes
"Xiaomi REDMI 15 5G 8GB 256GB 6.9"" Negro Medianoche",179.0,,2026-04-15,PcComponentes
"Samsung Galaxy S26 Ultra 5G 12GB 512GB 6.9"" Violeta Cobalto",1649.0,,2026-04-15,PcComponentes
"Xiaomi REDMI Note 14 5G 8GB 256GB 6.67"" Negro Medianoche",199.0,,2026-04-15,PcComponentes
Apple iPhone 17 256 GB Verde Salvia,939.0,,2026-04-15,PcComponentes
Apple iPhone 17 Pro 256GB Naranja Cósmico,1299.0,,2026-04-15,PcComponentes
Apple iPhone 16 128 GB Blanco,779.0,,2026-04-15,PcComponentes
Apple iPhone 17 Pro Max 512GB Naranja Cósmico,1719.0,,2026-04-15,PcComponentes
Apple iPhone 16 128 GB Negro,759.0,,2026-04-15,PcComponentes
"Xiaomi REDMI Note 14 4G 8GB 256GB 6.67"" Negro Medianoche",169.0,,2026-04-15,PcComponentes
Apple iPhone 15 256GB Azul Libre,769.0,,2026-04-15,PcComponentes
"Samsung Galaxy A56 5G 8GB 256GB 6.7"" Negro",399.0,,2026-04-15,PcComponentes
"Xiaomi REDMI Note 15 4G 8GB 256GB 6.77"" Negro",199.0,,2026-04-15,PcComponentes
"Samsung Galaxy A17 5G 4GB 128GB 6.7"" Negro",179.0,,2026-04-15,PcComponentes
"Xiaomi REDMI Note 15 Pro 5G 12GB 512GB 6.83"" Negro",399.0,,2026-04-15,PcComponentes
"Xiaomi REDMI Note 15 5G 12GB 512GB 6.77"" Azul Glaciar",319.0,,2026-04-15,PcComponentes
"Xiaomi REDMI Note 14 Pro 5G 8GB 256GB 6.67"" Negro Medianoche",279.0,,2026-04-15,PcComponentes
Apple iPhone 17e 256 GB Negro,689.0,,2026-04-15,PcComponentes
Apple iPhone 16 Pro Max 512GB Titanio Negro Libre,1068.0,,2026-04-15,PcComponentes
"Xiaomi REDMI Note 15 Pro 5G 8GB 256GB 6.83"" Negro",329.0,,2026-04-15,PcComponentes
"Google Pixel 9a 5G 8GB 128GB 6.3"" Negro",399.0,,2026-04-15,PcComponentes
"Samsung Galaxy A36 5G 8GB 256GB 6.7"" Negro",299.0,,2026-04-15,PcComponentes
Replay iPhone 13 128GB Blanco Refurbished,316.0,,2026-04-15,PcComponentes
Apple iPhone 17e 256 GB Rosa claro,689.0,"4,7/5",2026-04-15,PcComponentes
Apple iPhone 16 128 GB Rosa,769.0,"4,6/5",2026-04-15,PcComponentes
"Nothing Phone 3a 5G 8GB 128GB 6.77"" Blanco",249.0,"4,8/5",2026-04-15,PcComponentes
"Motorola Moto G56 5G 8GB 256GB 6,72"" Negro Pantalla FHD+",179.0,"4,7/5",2026-04-15,PcComponentes
Replay iPhone 12 128GB Azul Libre Refurbished,215.0,"4,3/5",2026-04-15,PcComponentes
"Xiaomi REDMI Note 15 4G 8GB 256GB 6.77"" Azul Glaciar",199.0,"4,4/5",2026-04-15,PcComponentes
Apple iPhone 15 256GB Negro Libre,749.0,"4,7/5",2026-04-15,PcComponentes
"Xiaomi REDMI Note 15 5G 8GB 256GB 6.77"" Azul Glaciar",259.0,"4,4/5",2026-04-15,PcComponentes
"Google Pixel 10 5G 12GB 128GB 6.3"" Negro Obsidiana",595.0,"4,5/5",2026-04-15,PcComponentes
"Xiaomi REDMI 15 5G 8GB 256GB 6.9"" Gris Titán",179.0,"4,5/5",2026-04-15,PcComponentes
"Samsung Galaxy A17 5G 8GB 256GB 6.7"" Negro",259.0,,2026-04-15,PcComponentes
"Xiaomi 17 5G 12GB 512GB 6.3"" Verde Venture",1099.0,,2026-04-15,PcComponentes
"Xiaomi REDMI Note 15 5G 8GB 256GB 6.77"" Negro",259.0,,2026-04-15,PcComponentes
"POCO C85 4G 8GB 256GB 6.9"" Negro",129.0,,2026-04-15,PcComponentes
Apple iPhone Air 256GB Azul Cielo,999.0,,2026-04-15,PcComponentes
"Xiaomi REDMI Note 14 4G 8GB 256GB 6.67"" Verde Lima",169.0,,2026-04-15,PcComponentes
"POCO X8 Pro 5G 12GB 512GB 6.59"" Negro",398.99,,2026-04-15,PcComponentes
"Samsung Galaxy S26 Ultra 5G 12GB 512GB 6.9"" Negro",1649.0,,2026-04-15,PcComponentes
"Xiaomi REDMI Note 15 5G 12GB 512GB 6.77"" Negro",319.0,,2026-04-15,PcComponentes
"Nothing Phone 3a Lite 5G 8GB 128GB 6.77"" Blanco",199.99,,2026-04-15,PcComponentes
Apple iPhone 16 128 GB Azul Ultramar,779.0,,2026-04-15,PcComponentes
Replay iPhone 12 Pro 256GB Azul Refurbished,353.0,,2026-04-15,PcComponentes
"Xiaomi REDMI Note 15 Pro 5G 8GB 256GB 6.83"" Titanio",329.0,,2026-04-15,PcComponentes
"Xiaomi 15T Pro 5G 12GB 1TB 6.83"" Mocha Gold",699.0,,2026-04-15,PcComponentes
Replay iPhone 13 128GB Negro Refurbished,325.0,,2026-04-15,PcComponentes
"Xiaomi REDMI Note 15 4G 8GB 256GB 6.77"" Verde Bosque",199.0,,2026-04-15,PcComponentes
Apple iPhone 16 128 GB Verde Azulado,759.0,,2026-04-15,PcComponentes
"Xiaomi REDMI Note 15 Pro 5G 8GB 256GB 6.83"" Azul Glaciar",329.0,,2026-04-15,PcComponentes
"Smartphone Apple iPhone 16e 128GB Blanco OLED A18 48MP 6.1"" 5G USB-C Face ID IP68",589.0,,2026-04-15,PcComponentes
"Xiaomi REDMI Note 15 4G 6GB 128GB 6.77"" Negro",179.0,,2026-04-15,PcComponentes
"Nothing Phone 3 5G 16GB 512GB 6.67"" Negro",749.0,,2026-04-15,PcComponentes
"Nothing Phone 3a Lite 5G 8GB 128GB 6.77"" Negro",199.99,,2026-04-15,PcComponentes
"Xiaomi REDMI 15 4G 6GB 128GB 6.9"" Gris Titán",139.0,,2026-04-15,PcComponentes
"POCO C85 4G 6GB 128GB 6.9"" Negro",109.0,,2026-04-15,PcComponentes
"Xiaomi REDMI Note 15 Pro 4G 8GB 256GB 6.77"" Negro",279.0,,2026-04-15,PcComponentes
"Nothing Phone (3a) Pro 5G 12GB 256GB 6.77"" Gris",379.0,,2026-04-15,PcComponentes
"Xiaomi REDMI Note 15 Pro 5G 12GB 512GB 6.83"" Titanio",399.0,"4,5/5",2026-04-15,PcComponentes
"Samsung Galaxy S26 Ultra 5G 12GB 512GB 6.9"" Blanco",1649.0,"4,8/5",2026-04-15,PcComponentes
"Samsung Galaxy A17 LTE 8GB RAM 256GB Super AMOLED 6.7"" IP54 5000mAh Gris Versión Importada EU",226.95,"4,5/5",2026-04-15,PcComponentes
"Xiaomi REDMI Note 15 Pro 5G 12GB 512GB 6.83"" Azul Glaciar",399.0,"4,5/5",2026-04-15,PcComponentes
"Samsung Galaxy A16 4G 4GB 128GB 6,7"" Gris Dual SIM",159.0,"4,4/5",2026-04-15,PcComponentes
Apple iPhone Air 256GB Blanco Nube,959.0,"4,4/5",2026-04-15,PcComponentes
"Samsung Galaxy S25 Ultra 5G 12GB 6.9"" 512GB Titanio Gris Cámara cuádruple",1299.0,"4,8/5",2026-04-15,PcComponentes
"ZTE Blade A35E 4G 2GB 32GB 6.52"" Gris Oscuro",64.99,"4,2/5",2026-04-15,PcComponentes
"Xiaomi REDMI Note 15 4G 6GB 128GB 6.77"" Azul Glaciar",179.0,"4,4/5",2026-04-15,PcComponentes
Replay Apple iPhone 12 Pro 256GB Grafito Libre Refurbished,359.0,"4,1/5",2026-04-15,PcComponentes
Replay iPhone 12 128GB Negro Libre Refurbished,219.0,,2026-04-15,PcComponentes
"Nothing Phone 3a Pro 5G 12GB 256GB 6.77"" Negro Dual SIM",379.0,,2026-04-15,PcComponentes
Apple iPhone 17e 256 GB Blanco,689.0,,2026-04-15,PcComponentes
"Samsung Galaxy A17 4G 8GB 256GB 6.7"" Gris",239.0,,2026-04-15,PcComponentes
"Samsung Galaxy S26 Ultra 5G 12GB 256GB 6.9"" Negro",1449.0,,2026-04-15,PcComponentes
"Nothing Phone 3 5G 16GB 512GB 6.67"" Blanco",749.0,,2026-04-15,PcComponentes
"Xiaomi REDMI A7 Pro 4G 4GB 128GB 6.9"" Negro",119.0,N/A,2026-04-15,PcComponentes
"Google Pixel 10a 5G 8GB 256GB 6.3"" Obsidiana",568.0,N/A,2026-04-15,PcComponentes
"Nothing Phone 3 5G 12GB 256GB 6.67"" Blanco",649.0,,2026-04-15,PcComponentes
Apple iPhone 17 Pro 512 GB Naranja Cósmico,1511.0,,2026-04-15,PcComponentes
"Google Pixel 10a 5G 8GB 256GB 6.3"" Lavanda",578.0,N/A,2026-04-15,PcComponentes
"Google Pixel 10a 5G 8GB 128GB 6.3"" Lavanda",549.0,N/A,2026-04-15,PcComponentes
"Google Pixel 10a 5G 8GB 128GB 6.3"" Verde",549.0,N/A,2026-04-15,PcComponentes
"Xiaomi REDMI A5 4G 3GB 64GB 6.88"" Negro",89.0,,2026-04-15,PcComponentes
"POCO X8 Pro 5G 8GB 256GB 6.59"" Negro",342.11,,2026-04-15,PcComponentes
"Samsung Galaxy S26 Ultra 5G 12GB 512GB 6.9"" Azul Cielo",1649.0,,2026-04-15,PcComponentes
"Xiaomi REDMI A7 Pro 4G 4GB 128GB 6.9"" Azul Niebla",119.0,N/A,2026-04-15,PcComponentes
"Xiaomi REDMI A7 Pro 4G 4GB 64GB 6.9"" Negro",109.0,N/A,2026-04-15,PcComponentes
"Xiaomi REDMI Note 14 5G 8GB 256GB 6.67"" Verde Coral",199.0,,2026-04-15,PcComponentes
"Xiaomi REDMI A7 Pro 4G 4GB 128GB 6.9"" Verde Palmera",119.0,N/A,2026-04-15,PcComponentes
Apple iPhone 17 Pro 512GB Azul Oscuro,1549.01,,2026-04-15,PcComponentes
"Xiaomi 17 5G 12GB 512GB 6.3"" Negro",1099.0,,2026-04-15,PcComponentes
"Xiaomi REDMI A7 Pro 4G 4GB 64GB 6.9"" Azul Niebla",109.0,N/A,2026-04-15,PcComponentes
"Xiaomi REDMI 15 4G 6GB 128GB 6.9"" Púrpura Arenoso",139.0,,2026-04-15,PcComponentes
"Xiaomi REDMI A7 Pro 4G 4GB 64GB 6.9"" Verde Palmera",109.0,N/A,2026-04-15,PcComponentes
"Xiaomi REDMI 15 4G 6GB 128GB 6.9"" Negro Medianoche",139.0,,2026-04-15,PcComponentes
"Xiaomi REDMI Note 15 Pro Plus 5G 12GB 512GB 6.83"" Negro",449.0,,2026-04-15,PcComponentes
"Xiaomi REDMI Note 15 Pro 4G 8GB 256GB 6.77"" Titanio",279.0,,2026-04-15,PcComponentes
Apple iPhone 15 128GB Azul Libre,669.0,,2026-04-15,PcComponentes
"POCO M7 4G 8GB 256GB 6.9"" Negro",139.0,,2026-04-15,PcComponentes
"POCO M8 5G 8GB 512GB 6.77"" AMOLED 120Hz Negro",229.0,"4,7/5",2026-04-15,PcComponentes
"Xiaomi REDMI A5 4G 4GB 128GB 6.88"" Azul",109.0,"4,4/5",2026-04-15,PcComponentes
"HONOR Magic8 Lite 5G 8GB 256GB 6.79"" Verde",269.0,N/A,2026-04-15,PcComponentes
"Xiaomi 15T Pro 5G 12GB 512GB 6.83"" Mocha Gold",649.0,"4,7/5",2026-04-15,PcComponentes
Replay iPhone 13 Pro Max 128GB Grafito Libre Refurbished,479.0,"3,4/5",2026-04-15,PcComponentes
Apple iPhone Air 256GB Negro Espacial,959.0,"4,4/5",2026-04-15,PcComponentes
"Samsung Galaxy S24 Ultra 5G 12GB 256GB 6.8"" Negro Titanio",789.0,"4,7/5",2026-04-15,PcComponentes
"Realme GT 7 5G 12GB 512GB 6.78"" Negro",520.26,"4,5/5",2026-04-15,PcComponentes
"Google Pixel 10 5G 12GB 256GB 6.3"" Negro Obsidiana",682.0,"4,5/5",2026-04-15,PcComponentes
"POCO M8 5G 8GB 512GB 6.77"" Plata",229.0,"4,7/5",2026-04-15,PcComponentes
"Samsung Galaxy S25 Ultra 5G 12GB 512GB 6.9"" Titanio Negro",1339.0,,2026-04-15,PcComponentes
Apple iPhone 14 128GB Medianoche Libre,559.0,,2026-04-15,PcComponentes
"Realme C71 4G 8GB 256GB 6.67"" Verde Forest Owl",116.9,,2026-04-15,PcComponentes
Apple iPhone 16 Pro Max 256GB Titanio Negro Libre,848.88,,2026-04-15,PcComponentes
"Samsung Galaxy A56 5G 8GB 128GB 6.7"" Grafito",479.0,,2026-04-15,PcComponentes
"Xiaomi REDMI Note 14 4G 6GB 128GB 6.67"" Verde Lima",128.99,,2026-04-15,PcComponentes
"Xiaomi 15T Pro 5G 12GB 1TB 6.83"" Negro",799.0,,2026-04-15,PcComponentes
Apple iPhone 17 Pro Max 1TB Plata,1928.99,,2026-04-15,PcComponentes
"ZTE Blade A35E 4G 2GB 32GB 6.52"" Verde",64.99,,2026-04-15,PcComponentes
"Samsung Galaxy A26 5G 8GB 256GB 6.7"" Negro",302.98,,2026-04-15,PcComponentes
"Samsung Galaxy S24 Plus 5G 12GB 256GB 6.7"" Negro Onyx",619.0,,2026-04-15,PcComponentes
"Samsung Galaxy A17 5G 8GB 256GB 6.7"" Gris",259.0,,2026-04-15,PcComponentes
"Samsung Galaxy A56 5G 8GB 256GB 6.7"" Gris Claro",399.0,,2026-04-15,PcComponentes
"Xiaomi REDMI Note 14 5G 6GB 128GB 6.67"" Negro Medianoche",169.0,,2026-04-15,PcComponentes
"Xiaomi REDMI 15 4G 8GB 256GB 6.9"" Negro Medianoche",169.0,,2026-04-15,PcComponentes
"Xiaomi REDMI Note 14 4G 8GB 256GB 6.67"" Azul Océano",169.0,,2026-04-15,PcComponentes
"Xiaomi REDMI Note 14 Pro 5G 8GB 256GB 6.67"" Violeta Lavanda",259.31,,2026-04-15,PcComponentes
Apple iPhone 16 Plus 256GB Rosa,1039.0,,2026-04-15,PcComponentes
"Samsung Galaxy S24 FE 5G 8GB 128GB 6.7"" Grafito",459.0,,2026-04-15,PcComponentes
"Xiaomi 15T 5G 12GB 256GB 6.83"" Gris",489.0,,2026-04-15,PcComponentes
"POCO M7 4G 6GB 128GB 6.9"" Negro",119.0,,2026-04-15,PcComponentes
Replay iPhone 13 256GB Negro Refurbished,365.0,,2026-04-15,PcComponentes
"Xiaomi REDMI Note 15 Pro 4G 8GB 256GB 6.77"" Azul Glaciar",279.0,,2026-04-15,PcComponentes
"Xiaomi REDMI 15C 4G 4GB 128GB 6.9"" Negro",109.0,,2026-04-15,PcComponentes
"Motorola Moto G06 Power 4G 4GB 256GB 6.88"" Azul",129.0,N/A,2026-04-15,PcComponentes
"Xiaomi REDMI Note 14 4G 6GB 128GB 6.67"" Azul Océano",149.0,,2026-04-15,PcComponentes
"ZTE Blade A36 4G 4GB 64GB 6.75"" Verde",89.99,,2026-04-15,PcComponentes
"Samsung Galaxy S25 FE 5G 8GB 128GB 6.7"" Negro",529.0,,2026-04-15,PcComponentes
"Motorola Moto G06 4G 4GB 64GB 6.88"" Verde",99.0,,2026-04-15,PcComponentes
"Motorola Moto G55 5G 8GB 256GB 6,49"" Gris cámara 50 MP",242.99,,2026-04-15,PcComponentes
Apple iPhone 15 256GB Rosa Libre,779.0,"4,7/5",2026-04-15,PcComponentes
"Xiaomi 15T 5G 12GB 256GB 6.83"" Negro",489.0,"4,7/5",2026-04-15,PcComponentes
"Motorola Moto G06 Power 4G 4GB 256GB 6.88"" Laurel Oak",129.0,4/5,2026-04-15,PcComponentes
"Motorola moto g06 power 4G 8GB 256GB 6.88"" Laurel Oak",139.0,N/A,2026-04-15,PcComponentes
"Motorola moto g06 power 4G 8GB 256GB 6.88"" Tapestry",139.0,N/A,2026-04-15,PcComponentes
"ZTE Blade A76 4G 4GB 128GB 6.75"" Gris",91.98,5/5,2026-04-15,PcComponentes
"Xiaomi REDMI 15C 4G 4GB 128GB 6.9"" Azul",109.0,"4,3/5",2026-04-15,PcComponentes
Replay iPhone 13 256GB Rosa Refurbished,365.0,"4,5/5",2026-04-15,PcComponentes
"Samsung Galaxy A36 5G 8GB 256GB 6.7"" Lavanda",299.0,"4,6/5",2026-04-15,PcComponentes
"Motorola Moto G15 4G 8GB 256GB 6.72"" Verde",129.0,"4,6/5",2026-04-15,PcComponentes
"OPPO Find X9 Pro 5G 16GB 512GB 6.78"" Titanio Carbón",1199.0,,2026-04-15,PcComponentes
"Samsung Galaxy A17 5G 8GB 256GB 6.7"" Azul",259.0,,2026-04-15,PcComponentes
Replay iPhone 13 256GB Rojo Refurbished,359.0,,2026-04-15,PcComponentes
"Nothing Phone (4a) Pro 5G 12GB 256GB 6.83"" Negro",549.0,,2026-04-15,PcComponentes
"Motorola Moto G56 5G 8GB 256GB 6.72"" Gris",179.0,,2026-04-15,PcComponentes
"Motorola Moto G86 5G 8GB 256GB 6.67"" Rosa",229.0,,2026-04-15,PcComponentes
"Xiaomi 15T 5G 12GB 256GB 6.83"" Oro Rosa",489.0,,2026-04-15,PcComponentes
"Motorola Moto G86 5G 8GB 256GB 6.67"" Azul oscuro",229.0,,2026-04-15,PcComponentes
"Samsung Galaxy S26 5G 12GB 256GB 6.3"" Negro",999.0,,2026-04-15,PcComponentes
"Realme C71 4G 8GB 256GB 6.67"" Blanco White Swan",116.5,,2026-04-15,PcComponentes
"ZTE Blade A76 4G 4GB 128GB 6.75"" Negro",91.98,,2026-04-15,PcComponentes
"Nothing Phone 3 5G 12GB 256GB 6.67"" Negro",649.0,,2026-04-15,PcComponentes
Replay iPhone 12 128GB Rojo Libre Refurbished,219.0,,2026-04-15,PcComponentes
"Motorola Edge 60 Fusion 5G Turquesa 8GB 256GB 6,67"" Dual SIM",269.0,,2026-04-15,PcComponentes
"Xiaomi REDMI A5 4G 3GB 64GB 6.88"" Dorado",89.0,,2026-04-15,PcComponentes
"POCO X8 Pro Max 5G 12GB 256GB 6.83"" Negro",529.0,,2026-04-15,PcComponentes
"Samsung Galaxy A26 5G 6GB/128GB Smartphone 6.7"" Super AMOLED Android 15 Menta Versión Importada EU",216.95,,2026-04-15,PcComponentes
"Samsung Galaxy A26 5G 8GB/256GB Smartphone 6.7"" Super AMOLED Android 15 Negro Versión Importada EU",271.95,,2026-04-15,PcComponentes
"Samsung Galaxy S25 5G 12GB 512GB 6.2"" Azul Marino",1088.0,,2026-04-15,PcComponentes
"Xiaomi 15T Pro 5G 12GB 256GB 6.83"" Gris",599.0,,2026-04-15,PcComponentes
"Motorola Moto G86 5G 8GB 256GB 6.67"" Lila",229.0,,2026-04-15,PcComponentes
Apple iPhone 16 Plus 256GB Verde Azulado,1019.0,,2026-04-15,PcComponentes
"Samsung Galaxy Z Fold7 5G 12GB 256GB 8"" Azul Intenso",2108.0,,2026-04-15,PcComponentes
"Xiaomi REDMI Note 15 5G 8GB 256GB 6.77"" Púrpura",259.0,,2026-04-15,PcComponentes
"Motorola Edge 60 Fusion 5G 8GB 256GB 6.67"" Azul",279.0,,2026-04-15,PcComponentes
"Xiaomi REDMI Note 15 Pro Plus 5G 12GB 512GB 6.83"" Café Moca",449.0,,2026-04-15,PcComponentes
Replay Apple iPhone 13 Pro Max 256GB Azul Sierra Libre Refurbished,499.0,,2026-04-15,PcComponentes
"Samsung Galaxy A17 LTE 8GB 256GB 6.7"" Negro",239.0,,2026-04-15,PcComponentes
"Nothing Phone 3a 5G 12GB 256GB 6.77"" Blanco",329.0,,2026-04-15,PcComponentes
"Xiaomi REDMI Note 14 4G 6GB 128GB 6.67"" Niebla Púrpura",149.0,,2026-04-15,PcComponentes
Replay iPhone 12 256GB Negro Libre Refurbished,249.0,"4,3/5",2026-04-15,PcComponentes
Apple iPhone 13 128GB Medianoche Libre,599.0,"4,5/5",2026-04-15,PcComponentes
Apple iPhone 17 Pro 1TB Naranja Cósmico,1565.28,"4,5/5",2026-04-15,PcComponentes
"Motorola Moto G05 4G 8GB 256GB 6.67"" Verde",113.12,"4,4/5",2026-04-15,PcComponentes
"Samsung Galaxy S23 Plus 5G 8GB 256GB 6.6"" Negro",439.98,"4,7/5",2026-04-15,PcComponentes
"Xiaomi REDMI A5 4G 4GB 128GB 6.88"" Negro",109.0,"4,4/5",2026-04-15,PcComponentes
"OnePlus Nord CE5 5G 8GB 256GB 6.77"" Negro",299.0,"4,7/5",2026-04-15,PcComponentes
Replay Apple iPhone 15 Pro Max 256GB Titanio Blanco Libre Refurbished,929.0,"4,2/5",2026-04-15,PcComponentes
"Samsung Galaxy A26 5G 6GB/128GB Smartphone 6.7"" Super AMOLED Android 15 Negro Versión Importada EU",209.0,"4,5/5",2026-04-15,PcComponentes
"Samsung Galaxy S26 Ultra 5G 16GB 1TB 6.9"" Violeta Cobalto",1949.0,"4,8/5",2026-04-15,PcComponentes
"POCO M8 Pro 5G 12GB 512GB 6.83"" Negro",329.0,,2026-04-15,PcComponentes
"Xiaomi REDMI Note 15 5G 12GB 512GB 6.77"" Púrpura",319.0,,2026-04-15,PcComponentes
"Xiaomi 17 5G 12GB 512GB 6.3"" Azul Hielo",1099.0,,2026-04-15,PcComponentes
Replay iPhone 12 128GB Blanco Libre Refurbished,225.0,,2026-04-15,PcComponentes
Apple iPhone 15 Pro Max 256GB Titanio Azul Libre,636.0,,2026-04-15,PcComponentes
"Xiaomi REDMI A5 4G 4GB 128GB 6.88"" Dorado",109.0,,2026-04-15,PcComponentes
"Samsung Galaxy S25 Ultra 5G 12GB 256GB 6.9"" Titanio Azul",1439.0,,2026-04-15,PcComponentes
"Xiaomi REDMI 15 4G 8GB 256GB 6.9"" Púrpura Arenoso",169.0,,2026-04-15,PcComponentes
"Xiaomi 15T Pro 5G 12GB 256GB 6.83"" Mocha Gold",599.0,,2026-04-15,PcComponentes
Replay iPhone 14 128GB Rojo Refurbished,337.34,,2026-04-15,PcComponentes
"POCO X8 Pro 5G 12GB 512GB 6.59"" Verde Menta",434.83,,2026-04-15,PcComponentes
"POCO X8 Pro 5G 8GB 512GB 6.59"" Negro",377.22,,2026-04-15,PcComponentes
"Motorola Edge 60 Pro 5G 12GB 512GB 6.67"" Azul",505.52,,2026-04-15,PcComponentes
"Motorola Edge 60 Pro 5G 12GB 6.67"" 512GB Gris pantalla Super HD",482.45,,2026-04-15,PcComponentes
"Motorola Edge 60 5G 12GB 512GB 6.67"" Azul Gibraltar Sea",351.76,,2026-04-15,PcComponentes
"Motorola Moto G77 5G 8GB 256GB 6.8"" Negro Black Olive",321.44,N/A,2026-04-15,PcComponentes
"Motorola Moto G56 5G 8GB 512GB 6.72"" Gris",218.75,,2026-04-15,PcComponentes
"Motorola Moto G56 5G 8GB 512GB 6.72"" Negro",218.75,,2026-04-15,PcComponentes
Samsung Galaxy S25 Ultra Smartphone con IA 256GB Batería 5.000mAh Titanio Azul Versión Importada EU,962.4,,2026-04-15,PcComponentes
Apple iPhone 15 128GB Rosa Libre,415.0,,2026-04-15,PcComponentes
"OnePlus 15 5G 16GB 512GB 6.78"" Negro",843.0,,2026-04-15,PcComponentes
"Xiaomi REDMI Note 13 5G 8GB 256GB 6.67"" Negro",199.99,,2026-04-15,PcComponentes
Smartphone Apple iPhone 16e 256GB Blanco OLED 48MP A18 USB-C iOS 18 5G,669.0,,2026-04-15,PcComponentes
"Realme 14x 5G 8GB 256GB 6.67"" Verde",150.9,,2026-04-15,PcComponentes
"Samsung Galaxy A56 5G 8GB 256GB 6.7"" Rosa",399.0,,2026-04-15,PcComponentes
"Samsung Galaxy S26 Ultra 5G 16GB 1TB 6.9"" Azul Cielo",1949.0,,2026-04-15,PcComponentes
"Xiaomi REDMI Note 14 Pro 4G 12GB 6.67"" 512GB Negro Medianoche batería 5500 mAh",269.0,,2026-04-15,PcComponentes
"Xiaomi REDMI Note 15 Pro Plus 5G 8GB 256GB 6.83"" Café Moca",399.0,,2026-04-15,PcComponentes
"Samsung Galaxy S26 Ultra 5G 16GB 1TB 6.9"" Negro",1949.0,,2026-04-15,PcComponentes
"OPPO A6 5G 6GB 256GB 6.75"" Negro",259.0,N/A,2026-04-15,PcComponentes
"Xiaomi REDMI Note 15 Pro Plus 5G 8GB 256GB 6.83"" Negro",399.0,"4,5/5",2026-04-15,PcComponentes
"Xiaomi REDMI Note 14 4G 6GB 128GB 6.67"" Negro Medianoche",149.0,"4,6/5",2026-04-15,PcComponentes
"POCO M8 5G 8GB 256GB 6.77"" Verde",209.0,"4,7/5",2026-04-15,PcComponentes
"Xiaomi REDMI Note 15 Pro Plus 5G 12GB 512GB 6.83"" Azul Glaciar",449.0,"4,5/5",2026-04-15,PcComponentes
"Smartphone Google Pixel 10 Pro 16GB 128GB 5G Dual SIM 6.3"" OLED Gemini IA 4870mAh Porcelana",875.66,"4,5/5",2026-04-15,PcComponentes
Replay iPhone 12 128GB Verde Libre Refurbished,219.0,"4,3/5",2026-04-15,PcComponentes
"Samsung Galaxy S24 5G 8GB 128GB 6.2"" Negro Onyx",499.99,"4,6/5",2026-04-15,PcComponentes
"OPPO A6 5G 6GB 256GB 6.75"" Aurora Gold",259.0,N/A,2026-04-15,PcComponentes
"Samsung Galaxy S26 5G 12GB 256GB 6.3"" Violeta Cobalto",999.0,"4,7/5",2026-04-15,PcComponentes
"POCO C85 4G 6GB 128GB 6.9"" Morado",109.0,"4,6/5",2026-04-15,PcComponentes
Apple iPhone 14 128GB Azul Libre,299.0,,2026-04-15,PcComponentes
"Xiaomi REDMI Note 14 Pro 5G 8GB 256GB 6.67"" Verde Coral",268.03,,2026-04-15,PcComponentes
"Samsung Galaxy A26 5G 8GB 256GB 6.7"" Blanco",269.0,,2026-04-15,PcComponentes
"Xiaomi 15T 5G 12GB 512GB 6.83"" Negro",519.0,,2026-04-15,PcComponentes
"Samsung Galaxy A16 4G 4GB 128GB 6.7"" Negro",138.0,,2026-04-15,PcComponentes
Apple iPhone 17 Pro 1TB Plata,1791.77,,2026-04-15,PcComponentes
"POCO M8 Pro 5G 12GB 512GB 6.83"" Plata",329.0,,2026-04-15,PcComponentes
"Samsung Galaxy A17 LTE 4GB RAM 128GB Super AMOLED 6.7"" IP54 5000mAh Gris Versión Importada EU",150.95,,2026-04-15,PcComponentes
Apple iPhone 14 Pro 256GB Negro Espacial Libre,449.0,,2026-04-15,PcComponentes
"Samsung Galaxy A26 5G 8GB 256GB 6.7"" Menta",269.0,,2026-04-15,PcComponentes
"Nothing Phone (4a) 5G 8GB 128GB 6.78"" Blanco",349.0,,2026-04-15,PcComponentes
"Smartphone Apple iPhone 16e 256GB Negro OLED 6.1"" A18 5G Dual SIM Face ID USB-C",749.0,,2026-04-15,PcComponentes
Replay iPhone 14 128GB Azul Refurbished,429.0,,2026-04-15,PcComponentes
"Xiaomi REDMI 15 4G 8GB 256GB 6.9"" Gris Titán",169.0,,2026-04-15,PcComponentes
Replay Apple iPhone 13 Pro 256GB Grafito Libre Refurbished,469.0,,2026-04-15,PcComponentes
"Realme 14 Pro 5G 12GB 512GB 6.77"" Blanco",277.9,,2026-04-15,PcComponentes
Apple iPhone 14 Pro 256GB Plata Libre,449.28,,2026-04-15,PcComponentes
"Nothing Phone (4a) 5G 12GB 256GB 6.78"" Blanco",429.0,,2026-04-15,PcComponentes
"Samsung Galaxy A17 4G 4GB 128GB 6.7"" Negro",189.0,,2026-04-15,PcComponentes
Apple iPhone Air 256GB Dorado Claro,959.0,,2026-04-15,PcComponentes
"POCO F8 Ultra 5G 16GB 512GB 6.9"" Negro",749.0,,2026-04-15,PcComponentes
Replay iPhone 12 128GB Púrpura Libre Refurbished,225.0,,2026-04-15,PcComponentes
"Nothing Phone (4a) Pro 5G 12GB 256GB 6.83"" Plata",549.0,,2026-04-15,PcComponentes
Replay iPhone 13 128GB Rosa Refurbished,319.0,,2026-04-15,PcComponentes
Apple iPhone 17 512GB Lavanda,1209.0,,2026-04-15,PcComponentes
"POCO M8 5G 8GB 256GB 6.77"" Plata",209.0,,2026-04-15,PcComponentes
"POCO X7 Pro 5G 8GB 256GB 6.67"" Negro",299.0,,2026-04-15,PcComponentes
"Xiaomi REDMI Note 14 Pro 5G 12GB 512GB 6.67"" Negro Medianoche",349.0,,2026-04-15,PcComponentes
"Xiaomi REDMI Note 14 5G 6GB 128GB 6.67"" Verde Coral",169.0,,2026-04-15,PcComponentes
Replay iPhone 15 Pro Max 256GB Titanio Natural Libre Refurbished,910.0,,2026-04-15,PcComponentes
"Realme 14 Pro 5G 8GB 256GB 6.77"" Blanco",228.99,"4,7/5",2026-04-15,PcComponentes
"Realme Note 70T 4G 4GB 128GB 6.74"" Negro",99.0,"4,5/5",2026-04-15,PcComponentes
"Xiaomi 15T Pro 5G 12GB 256GB 6.83"" Negro",599.0,"4,7/5",2026-04-15,PcComponentes
"Samsung Galaxy S26 5G 12GB 256GB 6.3"" Negro + Galaxy Buds4 Negros",1181.93,"4,7/5",2026-04-15,PcComponentes
"Samsung Galaxy S23 Ultra 5G 8GB 256GB Negro 6.8"" Cámara cuádruple",789.0,"4,7/5",2026-04-15,PcComponentes
"Samsung Galaxy S26 Plus 5G 12GB 512GB 6.7"" Azul Cielo",1449.0,"4,8/5",2026-04-15,PcComponentes
"POCO M8 5G 8GB 256GB 6.77"" Negro",209.0,"4,7/5",2026-04-15,PcComponentes
"OPPO A5x 4G 4GB 128GB 6.67"" Azul",99.0,"3,7/5",2026-04-15,PcComponentes
Replay iPhone 15 128GB Azul Libre Refurbished,539.0,"4,4/5",2026-04-15,PcComponentes
"ZTE Blade A36 4G 4GB 64GB 6.75"" Negro",69.99,"4,9/5",2026-04-15,PcComponentes
"POCO F8 Pro 5G 12GB 512GB 6,59"" Negro Dual SIM",649.0,,2026-04-15,PcComponentes
"Motorola Moto G15 4G 8GB 256GB 6.72"" Gris",129.0,,2026-04-15,PcComponentes
Replay iPhone 13 Pro Max 128GB Azul Sierra Libre Refurbished,499.0,,2026-04-15,PcComponentes
"POCO M8 5G 8GB 512GB 6.77"" Verde",229.0,,2026-04-15,PcComponentes
"Samsung Galaxy S26 5G 12GB 256GB 6.3"" Azul Cielo",999.0,,2026-04-15,PcComponentes
Replay iPhone 13 256GB Azul Refurbished,369.0,,2026-04-15,PcComponentes
"Realme Note 70T 4G 4GB 128GB 6.74"" Dorado",99.0,,2026-04-15,PcComponentes
Replay iPhone 14 Pro 128GB Oro Refurbished,559.0,,2026-04-15,PcComponentes
"Samsung Galaxy A17 5G 8GB 256GB 6.7"" Super AMOLED Móvil con IA Azul Versión Importada EU",245.94,,2026-04-15,PcComponentes
"Samsung Galaxy S26 Plus 5G 12GB 512GB 6.7"" Negro",1449.0,,2026-04-15,PcComponentes
"POCO X8 Pro 5G 8GB 256GB 6.59"" Blanco",329.0,,2026-04-15,PcComponentes
"Samsung Galaxy S23 Plus 5G 8GB 256GB 6.6"" Crema",610.0,,2026-04-15,PcComponentes
Apple iPhone 13 256GB Rosa Libre,285.9,,2026-04-15,PcComponentes
Replay iPhone 14 128GB Blanco Refurbished,399.0,,2026-04-15,PcComponentes
"OPPO Reno14 F 5G 8GB 256GB 6.57"" Luminous Green",329.0,,2026-04-15,PcComponentes
"Samsung Galaxy S25 FE 5G 8GB 256GB 6.7"" Negro",603.82,,2026-04-15,PcComponentes
"Samsung Galaxy XCover6 Pro 5G 6GB 128GB 6.6"" Negro",259.94,,2026-04-15,PcComponentes
"OPPO A5m 4G 8GB 256GB 6.67"" Morado",139.0,,2026-04-15,PcComponentes
"Xiaomi REDMI 15C 4G 4GB 256GB 6.9"" Negro Medianoche",129.0,,2026-04-15,PcComponentes
Apple iPhone 13 256GB Medianoche Libre,275.0,,2026-04-15,PcComponentes
"Xiaomi REDMI 15C 5G 4GB 128GB 6.9"" Verde Menta",129.0,,2026-04-15,PcComponentes
"Motorola Moto G15 4G 8GB 128GB 6.72"" Naranja",119.0,,2026-04-15,PcComponentes
"OPPO A5x 4G 4GB 128GB 6.67"" Blanco",99.0,,2026-04-15,PcComponentes
"ZTE Nubia Music 2 4G 4GB 128GB 6.7"" Melody Wave",91.98,,2026-04-15,PcComponentes
Apple iPhone 15 Pro 256GB Titanio Azul Libre,583.0,,2026-04-15,PcComponentes
"Samsung Galaxy S26 5G 12GB 512GB 6.3"" Violeta Cobalto",1199.0,,2026-04-15,PcComponentes
"Samsung Galaxy S25 FE 8GB 5G 128GB 6,7"" Negro Dual SIM",538.95,,2026-04-15,PcComponentes
"Google Pixel 9 Pro XL 5G 16GB 256GB 6.8"" Obsidiana",861.38,,2026-04-15,PcComponentes
"Samsung Galaxy S25 Ultra 5G 12GB 256GB 6.9"" Titanio Gris",1459.01,,2026-04-15,PcComponentes
"Samsung Galaxy S25 Ultra 5G 12GB 512GB 6.9"" Titanio Azul",1419.0,,2026-04-15,PcComponentes
"Doogee Fire 3 Ultra 4G 6GB 256GB 5.5"" Negro/Verde",149.99,"4,4/5",2026-04-15,PcComponentes
"Samsung Galaxy S25 Ultra 5G 12GB 512GB 6.9"" Plata",1499.0,"4,8/5",2026-04-15,PcComponentes
"OnePlus 15 5G 16GB 512GB 6.78"" Sand Storm",841.0,"4,7/5",2026-04-15,PcComponentes
"Xiaomi REDMI 15 5G 4GB 128GB 6.9"" Negro Medianoche",159.0,"4,5/5",2026-04-15,PcComponentes
"Xiaomi REDMI 15C 4G 8GB 256GB 6.9"" Azul Moonlight",159.0,5/5,2026-04-15,PcComponentes
Apple iPhone 16 Plus Negro 128 GB,929.0,"4,3/5",2026-04-15,PcComponentes
"Smartphone Apple iPhone 16e 128GB Negro OLED 6,1"" 48MP A18 5G Face ID Dual SIM",480.0,"4,7/5",2026-04-15,PcComponentes
"Samsung Galaxy Xcover 7 5G Negro 6GB 128GB 6,6"" Pantalla FHD+",260.98,"4,9/5",2026-04-15,PcComponentes
"Google Pixel 10 5G 12GB 128GB 6.3"" Verde Lima",628.0,"4,5/5",2026-04-15,PcComponentes
"Samsung Galaxy S25 5G 12GB 256GB 6.2"" Azul",899.0,"4,8/5",2026-04-15,PcComponentes
"Samsung Galaxy S26 Plus 5G 12GB 512GB 6.7"" Violeta Cobalto",1449.0,,2026-04-15,PcComponentes
"Samsung Galaxy S25 Plus 5G 12GB 256GB 6.7"" Negro Azulado",808.88,,2026-04-15,PcComponentes
"POCO X8 Pro Max 5G 12GB 512GB 6.83"" Azul",579.0,,2026-04-15,PcComponentes
"Samsung S25 Plus 5G 12GB 256GB 6.7"" Gris",1158.0,,2026-04-15,PcComponentes
"Google Pixel 10 5G 12GB 256GB 6.3"" Glaciar",876.06,,2026-04-15,PcComponentes
"Samsung Galaxy A36 5G 6GB 128GB 6.7"" Lima",378.0,,2026-04-15,PcComponentes
Apple iPhone 17 512GB Azul Neblina,1209.0,,2026-04-15,PcComponentes
Replay iPhone 15 128GB Rosa Libre Refurbished,539.0,,2026-04-15,PcComponentes
Replay iPhone 14 256GB Blanco Refurbished,430.0,,2026-04-15,PcComponentes
"Nothing Phone (4a) Pro 5G 12GB 256GB 6.83"" Rosa",549.0,,2026-04-15,PcComponentes
"Nothing Phone (4a) Pro 5G 8GB 128GB 6.83"" Plata",478.99,,2026-04-15,PcComponentes
"Samsung Galaxy S22 Ultra 5G 8GB 128GB 6.8"" Verde",359.99,,2026-04-15,PcComponentes
"Samsung Galaxy A17 5G 4GB 128GB 6.7"" Super AMOLED Móvil con IA Gris Versión Importada EU",179.95,,2026-04-15,PcComponentes
"ZTE Nubia Music 2 4G 4GB 128GB 6.7"" Pop Art",97.99,,2026-04-15,PcComponentes
"Nothing Phone (4a) 5G 12GB 256GB 6.78"" Negro",429.0,,2026-04-15,PcComponentes
"Samsung Galaxy A36 5G 6GB 6.7"" 128GB Negro Dual SIM",275.74,N/A,2026-04-15,PcComponentes
"Realme Note 70T 4G 4GB 256GB 6.74"" Negro",106.0,,2026-04-15,PcComponentes
"Xiaomi REDMI A5 4G 3GB 64GB 6.88"" Azul",89.0,,2026-04-15,PcComponentes
Apple iPhone 14 256GB Blanco Estrella Libre,329.4,,2026-04-15,PcComponentes
"Samsung Galaxy A17 LTE 4G 8GB 256GB 6.7"" Azul Claro",239.0,,2026-04-15,PcComponentes
"Samsung Galaxy A56 5G 8GB 128GB 6.7"" Rosa",478.0,,2026-04-15,PcComponentes
Apple iPhone 17 512GB Blanco,1209.0,,2026-04-15,PcComponentes
"OPPO A5 Pro 4G 8GB 256GB Marrón 6,67"" Pantalla Gorilla Glass",169.99,,2026-04-15,PcComponentes
"Xiaomi 17 Ultra 5G 16GB 512GB 6.9"" Blanco",1499.0,,2026-04-15,PcComponentes
"Samsung Galaxy Z Flip7 5G 12GB 512GB 6.9"" Negro Oscuro",1328.0,,2026-04-15,PcComponentes
"Xiaomi REDMI Note 14 4G 8GB 256GB 6.67"" Niebla Púrpura",179.0,,2026-04-15,PcComponentes
Replay iPhone 13 256GB Verde Refurbished,359.0,,2026-04-15,PcComponentes
"POCO X8 Pro 5G 8GB 512GB 6.59"" Blanco",371.72,,2026-04-15,PcComponentes
"Samsung Galaxy S23 5G Negro 8GB 256GB 6.1"" Resistencia IP68",358.61,,2026-04-15,PcComponentes
"Samsung Galaxy S25 Ultra 5G 12GB 256GB 6.9"" Negro Titanio",1439.0,,2026-04-15,PcComponentes
Replay Apple iPhone 16 128GB Negro Refurbished,699.0,N/A,2026-04-15,PcComponentes
"Nothing Phone (4a) 5G 8GB 128GB 6.78"" Negro",349.0,5/5,2026-04-15,PcComponentes
"Samsung Galaxy S26 5G 12GB 512GB 6.3"" Blanco",1199.0,"4,7/5",2026-04-15,PcComponentes
"Samsung Galaxy S25 FE 5G 8GB 6.7"" 128GB Negro batería duradera",492.63,N/A,2026-04-15,PcComponentes
Replay iPhone 13 Pro Max 128GB Verde Alpino Libre Refurbished,479.0,"3,4/5",2026-04-15,PcComponentes
"Samsung Galaxy S25 5G 12GB 256GB 6.2"" Gris",849.0,"4,8/5",2026-04-15,PcComponentes
"Samsung Galaxy A37 5G 8GB 256GB 6.7"" Verde Oscuro",474.0,"4,7/5",2026-04-15,PcComponentes
"Samsung Galaxy S25 Ultra 5G 12GB 256GB 6.9"" Titanio Negro",1459.01,"4,8/5",2026-04-15,PcComponentes
"Crosscall Core-M6 5G 6GB 128GB 5.99"" Negro",322.9,N/A,2026-04-15,PcComponentes
"Samsung Galaxy A56 5G 8GB 128GB 6.7"" Oliva",478.0,"4,7/5",2026-04-15,PcComponentes
"Samsung Galaxy S25 Ultra 5G 12GB 512GB 6,9"" Negro Titanio, cámara cuádruple",1579.0,,2026-04-15,PcComponentes
"Realme 14 Pro Plus 5G 12GB 512GB 6.83"" Morado",350.0,,2026-04-15,PcComponentes
"OnePlus Nord 5 5G 8GB 256GB 6.83"" Phantom Grey",380.48,,2026-04-15,PcComponentes
"POCO M7 4G 8GB 256GB 6.9"" Plata",139.0,,2026-04-15,PcComponentes
"Realme Note 70T 4G 4GB 256GB 6.74"" Dorado",87.0,,2026-04-15,PcComponentes
"Samsung Galaxy A16 4G 128GB 4GB 6,7"" Negro Dual SIM",119.0,"4,4/5",PcComponentes,2026-04-15
Apple iPhone 15 128GB Negro Libre,639.0,"4,7/5",PcComponentes,2026-04-15
Apple iPhone 17 256GB Lavanda,959.0,"4,7/5",PcComponentes,2026-04-15
Apple iPhone 17 256 GB Negro,939.0,"4,7/5",PcComponentes,2026-04-15
"Realme C71 4G 6GB 128GB 6.67"" Blanco",109.0,N/A,PcComponentes,2026-04-15
"Samsung Galaxy A26 5G 6GB 128GB 6.7"" Negro",209.0,,PcComponentes,2026-04-15
Apple iPhone 17 256GB Azul Neblina,939.0,,PcComponentes,2026-04-15
Apple iPhone 17 Pro 256GB Azul Oscuro,1299.0,,PcComponentes,2026-04-15
Apple iPhone 17 256GB Blanco,959.0,,PcComponentes,2026-04-15
"Xiaomi REDMI 15 5G 8GB 256GB 6.9"" Negro Medianoche",179.0,,PcComponentes,2026-04-15
"Samsung Galaxy S26 Ultra 5G 12GB 512GB 6.9"" Violeta Cobalto",1649.0,,PcComponentes,2026-04-15
"Xiaomi REDMI Note 14 5G 8GB 256GB 6.67"" Negro Medianoche",199.0,,PcComponentes,2026-04-15
Apple iPhone 17 256 GB Verde Salvia,939.0,,PcComponentes,2026-04-15
Apple iPhone 16 128 GB Blanco,779.0,,PcComponentes,2026-04-15
Apple iPhone 16 128 GB Negro,759.0,,PcComponentes,2026-04-15
"Xiaomi REDMI Note 14 4G 8GB 256GB 6.67"" Negro Medianoche",169.0,,PcComponentes,2026-04-15
Apple iPhone 17 Pro Max 512 GB Plata,1719.0,,PcComponentes,2026-04-15
Apple iPhone 15 256GB Azul Libre,769.0,,PcComponentes,2026-04-15
"Samsung Galaxy A56 5G 8GB 256GB 6.7"" Negro",399.0,,PcComponentes,2026-04-15
"Xiaomi REDMI Note 15 4G 8GB 256GB 6.77"" Negro",199.0,,PcComponentes,2026-04-15
"Samsung Galaxy A17 5G 4GB 128GB 6.7"" Negro",179.0,,PcComponentes,2026-04-15
"Xiaomi REDMI Note 15 Pro 5G 12GB 512GB 6.83"" Negro",399.0,,PcComponentes,2026-04-15
"Xiaomi REDMI Note 15 5G 12GB 512GB 6.77"" Azul Glaciar",319.0,,PcComponentes,2026-04-15
"Xiaomi REDMI Note 14 Pro 5G 8GB 256GB 6.67"" Negro Medianoche",279.0,,PcComponentes,2026-04-15
Apple iPhone 17e 256 GB Negro,689.0,,PcComponentes,2026-04-15
Apple iPhone 16 Pro Max 512GB Titanio Negro Libre,1068.0,,PcComponentes,2026-04-15
"Xiaomi REDMI Note 15 Pro 5G 8GB 256GB 6.83"" Negro",329.0,,PcComponentes,2026-04-15
"Google Pixel 9a 5G 8GB 128GB 6.3"" Negro",399.0,,PcComponentes,2026-04-15
"Samsung Galaxy A36 5G 8GB 256GB 6.7"" Negro",299.0,,PcComponentes,2026-04-15
Replay iPhone 13 128GB Blanco Refurbished,316.0,,PcComponentes,2026-04-15
Apple iPhone 17e 256 GB Rosa claro,689.0,,PcComponentes,2026-04-15
Apple iPhone 16 128 GB Rosa,769.0,,PcComponentes,2026-04-15
"Nothing Phone 3a 5G 8GB 128GB 6.77"" Blanco",249.0,,PcComponentes,2026-04-15
"Motorola Moto G56 5G 8GB 256GB 6,72"" Negro Pantalla FHD+",179.0,,PcComponentes,2026-04-15
Replay iPhone 12 128GB Azul Libre Refurbished,215.0,,PcComponentes,2026-04-15
"Xiaomi REDMI Note 15 4G 8GB 256GB 6.77"" Azul Glaciar",199.0,,PcComponentes,2026-04-15
Apple iPhone 15 256GB Negro Libre,749.0,,PcComponentes,2026-04-15
"Xiaomi REDMI Note 15 5G 8GB 256GB 6.77"" Azul Glaciar",259.0,,PcComponentes,2026-04-15
"Google Pixel 10 5G 12GB 128GB 6.3"" Negro Obsidiana",595.0,,PcComponentes,2026-04-15
"Xiaomi REDMI 15 5G 8GB 256GB 6.9"" Gris Titán",179.0,,PcComponentes,2026-04-15
"Samsung Galaxy A17 5G 8GB 256GB 6.7"" Negro",259.0,,PcComponentes,2026-04-15
"Xiaomi 17 5G 12GB 512GB 6.3"" Verde Venture",1099.0,"4,9/5",PcComponentes,2026-04-15
"Xiaomi REDMI Note 15 5G 8GB 256GB 6.77"" Negro",259.0,"4,4/5",PcComponentes,2026-04-15
"POCO C85 4G 8GB 256GB 6.9"" Negro",129.0,"4,6/5",PcComponentes,2026-04-15
Apple iPhone Air 256GB Azul Cielo,999.0,"4,4/5",PcComponentes,2026-04-15
"Xiaomi REDMI Note 14 4G 8GB 256GB 6.67"" Verde Lima",169.0,"4,6/5",PcComponentes,2026-04-15
"POCO X8 Pro 5G 12GB 512GB 6.59"" Negro",398.99,,PcComponentes,2026-04-15
"Samsung Galaxy S26 Ultra 5G 12GB 512GB 6.9"" Negro",1649.0,,PcComponentes,2026-04-15
"Xiaomi REDMI Note 15 5G 12GB 512GB 6.77"" Negro",319.0,,PcComponentes,2026-04-15
"Nothing Phone 3a Lite 5G 8GB 128GB 6.77"" Blanco",199.99,,PcComponentes,2026-04-15
Apple iPhone 16 128 GB Azul Ultramar,779.0,,PcComponentes,2026-04-15
Replay iPhone 12 Pro 256GB Azul Refurbished,353.0,,PcComponentes,2026-04-15
"Xiaomi REDMI Note 15 Pro 5G 8GB 256GB 6.83"" Titanio",329.0,,PcComponentes,2026-04-15
"Xiaomi 15T Pro 5G 12GB 1TB 6.83"" Mocha Gold",699.0,,PcComponentes,2026-04-15
Replay iPhone 13 128GB Negro Refurbished,325.0,,PcComponentes,2026-04-15
"Xiaomi REDMI Note 15 4G 8GB 256GB 6.77"" Verde Bosque",199.0,,PcComponentes,2026-04-15
Apple iPhone 16 128 GB Verde Azulado,759.0,,PcComponentes,2026-04-15
"Xiaomi REDMI Note 15 Pro 5G 8GB 256GB 6.83"" Azul Glaciar",329.0,,PcComponentes,2026-04-15
"Smartphone Apple iPhone 16e 128GB Blanco OLED A18 48MP 6.1"" 5G USB-C Face ID IP68",589.0,,PcComponentes,2026-04-15
"Xiaomi REDMI Note 15 4G 6GB 128GB 6.77"" Negro",179.0,,PcComponentes,2026-04-15
"Nothing Phone 3 5G 16GB 512GB 6.67"" Negro",749.0,,PcComponentes,2026-04-15
"Nothing Phone 3a Lite 5G 8GB 128GB 6.77"" Negro",199.99,,PcComponentes,2026-04-15
"Xiaomi REDMI 15 4G 6GB 128GB 6.9"" Gris Titán",139.0,,PcComponentes,2026-04-15
"POCO C85 4G 6GB 128GB 6.9"" Negro",109.0,,PcComponentes,2026-04-15
"Xiaomi REDMI Note 15 Pro 4G 8GB 256GB 6.77"" Negro",279.0,,PcComponentes,2026-04-15
"Nothing Phone (3a) Pro 5G 12GB 256GB 6.77"" Gris",379.0,,PcComponentes,2026-04-15
"Xiaomi REDMI Note 15 Pro 5G 12GB 512GB 6.83"" Titanio",399.0,,PcComponentes,2026-04-15
"Samsung Galaxy S26 Ultra 5G 12GB 512GB 6.9"" Blanco",1649.0,,PcComponentes,2026-04-15
"Samsung Galaxy A17 LTE 8GB RAM 256GB Super AMOLED 6.7"" IP54 5000mAh Gris Versión Importada EU",226.95,,PcComponentes,2026-04-15
"Xiaomi REDMI Note 15 Pro 5G 12GB 512GB 6.83"" Azul Glaciar",399.0,,PcComponentes,2026-04-15
"Samsung Galaxy A16 4G 4GB 128GB 6,7"" Gris Dual SIM",159.0,,PcComponentes,2026-04-15
Apple iPhone Air 256GB Blanco Nube,959.0,,PcComponentes,2026-04-15
"Samsung Galaxy S25 Ultra 5G 12GB 6.9"" 512GB Titanio Gris Cámara cuádruple",1299.0,,PcComponentes,2026-04-15
"ZTE Blade A35E 4G 2GB 32GB 6.52"" Gris Oscuro",64.99,,PcComponentes,2026-04-15
"Xiaomi REDMI Note 15 4G 6GB 128GB 6.77"" Azul Glaciar",179.0,,PcComponentes,2026-04-15
Replay Apple iPhone 12 Pro 256GB Grafito Libre Refurbished,359.0,,PcComponentes,2026-04-15
Replay iPhone 12 128GB Negro Libre Refurbished,219.0,,PcComponentes,2026-04-15
"Nothing Phone 3a Pro 5G 12GB 256GB 6.77"" Negro Dual SIM",379.0,,PcComponentes,2026-04-15
Apple iPhone 17e 256 GB Blanco,689.0,,PcComponentes,2026-04-15
"Samsung Galaxy A17 4G 8GB 256GB 6.7"" Gris",239.0,,PcComponentes,2026-04-15
"Samsung Galaxy S26 Ultra 5G 12GB 256GB 6.9"" Negro",1449.0,,PcComponentes,2026-04-15
"Nothing Phone 3 5G 16GB 512GB 6.67"" Blanco",749.0,"4,6/5",PcComponentes,2026-04-15
"Xiaomi REDMI A7 Pro 4G 4GB 128GB 6.9"" Negro",119.0,N/A,PcComponentes,2026-04-15
"Google Pixel 10a 5G 8GB 256GB 6.3"" Obsidiana",599.0,N/A,PcComponentes,2026-04-15
"Nothing Phone 3 5G 12GB 256GB 6.67"" Blanco",649.0,"4,6/5",PcComponentes,2026-04-15
Apple iPhone 17 Pro 512 GB Naranja Cósmico,1511.0,"4,5/5",PcComponentes,2026-04-15
"Google Pixel 10a 5G 8GB 256GB 6.3"" Lavanda",599.0,N/A,PcComponentes,2026-04-15
"Google Pixel 10a 5G 8GB 128GB 6.3"" Lavanda",549.0,N/A,PcComponentes,2026-04-15
"Google Pixel 10a 5G 8GB 128GB 6.3"" Verde",549.0,N/A,PcComponentes,2026-04-15
"Xiaomi REDMI A5 4G 3GB 64GB 6.88"" Negro",89.0,,PcComponentes,2026-04-15
"POCO X8 Pro 5G 8GB 256GB 6.59"" Negro",342.02,,PcComponentes,2026-04-15
Apple iPhone 17 Pro Max 512GB Azul Oscuro,1679.0,,PcComponentes,2026-04-15
"Samsung Galaxy S26 Ultra 5G 12GB 512GB 6.9"" Azul Cielo",1649.0,,PcComponentes,2026-04-15
"Xiaomi REDMI A7 Pro 4G 4GB 128GB 6.9"" Azul Niebla",119.0,N/A,PcComponentes,2026-04-15
"Xiaomi REDMI A7 Pro 4G 4GB 64GB 6.9"" Negro",109.0,N/A,PcComponentes,2026-04-15
"Xiaomi REDMI Note 14 5G 8GB 256GB 6.67"" Verde Coral",199.0,,PcComponentes,2026-04-15
"Xiaomi REDMI A7 Pro 4G 4GB 128GB 6.9"" Verde Palmera",119.0,N/A,PcComponentes,2026-04-15
"Xiaomi 17 5G 12GB 512GB 6.3"" Negro",1099.0,,PcComponentes,2026-04-15
"Xiaomi REDMI A7 Pro 4G 4GB 64GB 6.9"" Azul Niebla",109.0,N/A,PcComponentes,2026-04-15
"Xiaomi REDMI 15 4G 6GB 128GB 6.9"" Púrpura Arenoso",139.0,,PcComponentes,2026-04-15
"Xiaomi REDMI A7 Pro 4G 4GB 64GB 6.9"" Verde Palmera",109.0,N/A,PcComponentes,2026-04-15
"Xiaomi REDMI 15 4G 6GB 128GB 6.9"" Negro Medianoche",139.0,,PcComponentes,2026-04-15
"Xiaomi REDMI Note 15 Pro Plus 5G 12GB 512GB 6.83"" Negro",449.0,,PcComponentes,2026-04-15
"Xiaomi REDMI Note 15 Pro 4G 8GB 256GB 6.77"" Titanio",279.0,,PcComponentes,2026-04-15
Apple iPhone 15 128GB Azul Libre,669.0,,PcComponentes,2026-04-15
"POCO M7 4G 8GB 256GB 6.9"" Negro",139.0,,PcComponentes,2026-04-15
"POCO M8 5G 8GB 512GB 6.77"" AMOLED 120Hz Negro",229.0,,PcComponentes,2026-04-15
"Xiaomi REDMI A5 4G 4GB 128GB 6.88"" Azul",109.0,,PcComponentes,2026-04-15
"HONOR Magic8 Lite 5G 8GB 256GB 6.79"" Verde",269.0,N/A,PcComponentes,2026-04-15
"Xiaomi 15T Pro 5G 12GB 512GB 6.83"" Mocha Gold",649.0,,PcComponentes,2026-04-15
Replay iPhone 13 Pro Max 128GB Grafito Libre Refurbished,479.0,,PcComponentes,2026-04-15
Apple iPhone Air 256GB Negro Espacial,959.0,,PcComponentes,2026-04-15
"Samsung Galaxy S24 Ultra 5G 12GB 256GB 6.8"" Negro Titanio",789.0,,PcComponentes,2026-04-15
"Realme GT 7 5G 12GB 512GB 6.78"" Negro",519.99,,PcComponentes,2026-04-15
"Google Pixel 10 5G 12GB 256GB 6.3"" Negro Obsidiana",682.0,,PcComponentes,2026-04-15
"POCO M8 5G 8GB 512GB 6.77"" Plata",229.0,,PcComponentes,2026-04-15
"Samsung Galaxy S25 Ultra 5G 12GB 512GB 6.9"" Titanio Negro",1339.0,,PcComponentes,2026-04-15
Apple iPhone 14 128GB Medianoche Libre,559.0,,PcComponentes,2026-04-15
"Realme C71 4G 8GB 256GB 6.67"" Verde Forest Owl",116.9,,PcComponentes,2026-04-15
Apple iPhone 16 Pro Max 256GB Titanio Negro Libre,848.88,,PcComponentes,2026-04-15
"Samsung Galaxy A56 5G 8GB 128GB 6.7"" Grafito",479.0,,PcComponentes,2026-04-15
"Xiaomi REDMI Note 14 4G 6GB 128GB 6.67"" Verde Lima",128.99,"4,6/5",PcComponentes,2026-04-15
"Xiaomi 15T Pro 5G 12GB 1TB 6.83"" Negro",799.0,"4,7/5",PcComponentes,2026-04-15
Apple iPhone 17 Pro Max 1TB Plata,1928.99,"4,7/5",PcComponentes,2026-04-15
"ZTE Blade A35E 4G 2GB 32GB 6.52"" Verde",64.99,"4,2/5",PcComponentes,2026-04-15
"Samsung Galaxy A26 5G 8GB 256GB 6.7"" Negro",302.98,"4,5/5",PcComponentes,2026-04-15
"Samsung Galaxy S24 Plus 5G 12GB 256GB 6.7"" Negro Onyx",619.0,,PcComponentes,2026-04-15
"Samsung Galaxy A17 5G 8GB 256GB 6.7"" Gris",259.0,,PcComponentes,2026-04-15
"Samsung Galaxy A56 5G 8GB 256GB 6.7"" Gris Claro",399.0,,PcComponentes,2026-04-15
"Xiaomi REDMI Note 14 5G 6GB 128GB 6.67"" Negro Medianoche",169.0,,PcComponentes,2026-04-15
"Xiaomi REDMI 15 4G 8GB 256GB 6.9"" Negro Medianoche",169.0,,PcComponentes,2026-04-15
"Xiaomi REDMI Note 14 4G 8GB 256GB 6.67"" Azul Océano",169.0,,PcComponentes,2026-04-15
"Xiaomi REDMI Note 14 Pro 5G 8GB 256GB 6.67"" Violeta Lavanda",259.0,,PcComponentes,2026-04-15
Apple iPhone 16 Plus 256GB Rosa,1039.0,,PcComponentes,2026-04-15
"Samsung Galaxy S24 FE 5G 8GB 128GB 6.7"" Grafito",459.0,,PcComponentes,2026-04-15
"Xiaomi 15T 5G 12GB 256GB 6.83"" Gris",489.0,,PcComponentes,2026-04-15
"POCO M7 4G 6GB 128GB 6.9"" Negro",119.0,,PcComponentes,2026-04-15
Replay iPhone 13 256GB Negro Refurbished,365.0,,PcComponentes,2026-04-15
"Xiaomi REDMI Note 15 Pro 4G 8GB 256GB 6.77"" Azul Glaciar",279.0,,PcComponentes,2026-04-15
"Xiaomi REDMI 15C 4G 4GB 128GB 6.9"" Negro",109.0,,PcComponentes,2026-04-15
"Motorola Moto G06 Power 4G 4GB 256GB 6.88"" Azul",129.0,N/A,PcComponentes,2026-04-15
"Xiaomi REDMI Note 14 4G 6GB 128GB 6.67"" Azul Océano",149.0,,PcComponentes,2026-04-15
"ZTE Blade A36 4G 4GB 64GB 6.75"" Verde",89.99,,PcComponentes,2026-04-15
"Samsung Galaxy S25 FE 5G 8GB 128GB 6.7"" Negro",529.0,,PcComponentes,2026-04-15
"Motorola Moto G06 4G 4GB 64GB 6.88"" Verde",99.0,,PcComponentes,2026-04-15
"Motorola Moto G55 5G 8GB 256GB 6,49"" Gris cámara 50 MP",242.99,,PcComponentes,2026-04-15
Apple iPhone 15 256GB Rosa Libre,779.0,,PcComponentes,2026-04-15
"Xiaomi 15T 5G 12GB 256GB 6.83"" Negro",489.0,,PcComponentes,2026-04-15
"Motorola Moto G06 Power 4G 4GB 256GB 6.88"" Laurel Oak",129.0,,PcComponentes,2026-04-15
"Motorola moto g06 power 4G 8GB 256GB 6.88"" Laurel Oak",139.0,N/A,PcComponentes,2026-04-15
"Motorola moto g06 power 4G 8GB 256GB 6.88"" Tapestry",139.0,N/A,PcComponentes,2026-04-15
"ZTE Blade A76 4G 4GB 128GB 6.75"" Gris",91.98,,PcComponentes,2026-04-15
"Xiaomi REDMI 15C 4G 4GB 128GB 6.9"" Azul",109.0,,PcComponentes,2026-04-15
Replay iPhone 13 256GB Rosa Refurbished,365.0,,PcComponentes,2026-04-15
"Samsung Galaxy A36 5G 8GB 256GB 6.7"" Lavanda",299.0,,PcComponentes,2026-04-15
"Motorola Moto G15 4G 8GB 256GB 6.72"" Verde",129.0,,PcComponentes,2026-04-15
"OPPO Find X9 Pro 5G 16GB 512GB 6.78"" Titanio Carbón",1199.0,,PcComponentes,2026-04-15
"Samsung Galaxy A17 5G 8GB 256GB 6.7"" Azul",259.0,,PcComponentes,2026-04-15
Replay iPhone 13 256GB Rojo Refurbished,359.0,,PcComponentes,2026-04-15
"Nothing Phone (4a) Pro 5G 12GB 256GB 6.83"" Negro",549.0,,PcComponentes,2026-04-15
"Motorola Moto G56 5G 8GB 256GB 6.72"" Gris",179.0,,PcComponentes,2026-04-15
"Motorola Moto G86 5G 8GB 256GB 6.67"" Rosa",229.0,"4,8/5",PcComponentes,2026-04-15
"Xiaomi 15T 5G 12GB 256GB 6.83"" Oro Rosa",489.0,"4,7/5",PcComponentes,2026-04-15
"Motorola Moto G86 5G 8GB 256GB 6.67"" Azul oscuro",229.0,"4,8/5",PcComponentes,2026-04-15
"Samsung Galaxy S26 5G 12GB 256GB 6.3"" Negro",999.0,"4,7/5",PcComponentes,2026-04-15
"Realme C71 4G 8GB 256GB 6.67"" Blanco White Swan",116.5,"4,1/5",PcComponentes,2026-04-15
"ZTE Blade A76 4G 4GB 128GB 6.75"" Negro",91.98,,PcComponentes,2026-04-15
"Nothing Phone 3 5G 12GB 256GB 6.67"" Negro",649.0,,PcComponentes,2026-04-15
Replay iPhone 12 128GB Rojo Libre Refurbished,219.0,,PcComponentes,2026-04-15
"Motorola Edge 60 Fusion 5G Turquesa 8GB 256GB 6,67"" Dual SIM",269.0,,PcComponentes,2026-04-15
"Xiaomi REDMI A5 4G 3GB 64GB 6.88"" Dorado",89.0,,PcComponentes,2026-04-15
"POCO X8 Pro Max 5G 12GB 256GB 6.83"" Negro",529.0,,PcComponentes,2026-04-15
"Samsung Galaxy A26 5G 6GB/128GB Smartphone 6.7"" Super AMOLED Android 15 Menta Versión Importada EU",216.95,,PcComponentes,2026-04-15
"Samsung Galaxy A26 5G 8GB/256GB Smartphone 6.7"" Super AMOLED Android 15 Negro Versión Importada EU",271.95,,PcComponentes,2026-04-15
"Samsung Galaxy S25 5G 12GB 512GB 6.2"" Azul Marino",1088.0,,PcComponentes,2026-04-15
"Xiaomi 15T Pro 5G 12GB 256GB 6.83"" Gris",599.0,,PcComponentes,2026-04-15
"Motorola Moto G86 5G 8GB 256GB 6.67"" Lila",229.0,,PcComponentes,2026-04-15
Apple iPhone 16 Plus 256GB Verde Azulado,1019.0,,PcComponentes,2026-04-15
"Samsung Galaxy Z Fold7 5G 12GB 256GB 8"" Azul Intenso",2108.0,,PcComponentes,2026-04-15
"Xiaomi REDMI Note 15 5G 8GB 256GB 6.77"" Púrpura",259.0,,PcComponentes,2026-04-15
"Motorola Edge 60 Fusion 5G 8GB 256GB 6.67"" Azul",279.0,,PcComponentes,2026-04-15
"Xiaomi REDMI Note 15 Pro Plus 5G 12GB 512GB 6.83"" Café Moca",449.0,,PcComponentes,2026-04-15
Replay Apple iPhone 13 Pro Max 256GB Azul Sierra Libre Refurbished,499.0,,PcComponentes,2026-04-15
"Samsung Galaxy A17 LTE 8GB 256GB 6.7"" Negro",239.0,,PcComponentes,2026-04-15
"Nothing Phone 3a 5G 12GB 256GB 6.77"" Blanco",329.0,,PcComponentes,2026-04-15
"Xiaomi REDMI Note 14 4G 6GB 128GB 6.67"" Niebla Púrpura",149.0,,PcComponentes,2026-04-15
Replay iPhone 12 256GB Negro Libre Refurbished,249.0,,PcComponentes,2026-04-15
Apple iPhone 13 128GB Medianoche Libre,599.0,,PcComponentes,2026-04-15
Apple iPhone 17 Pro 1TB Naranja Cósmico,1565.28,,PcComponentes,2026-04-15
"Motorola Moto G05 4G 8GB 256GB 6.67"" Verde",113.12,,PcComponentes,2026-04-15
"Samsung Galaxy S23 Plus 5G 8GB 256GB 6.6"" Negro",439.98,,PcComponentes,2026-04-15
"Xiaomi REDMI A5 4G 4GB 128GB 6.88"" Negro",109.0,,PcComponentes,2026-04-15
"OnePlus Nord CE5 5G 8GB 256GB 6.77"" Negro",299.0,,PcComponentes,2026-04-15
Replay Apple iPhone 15 Pro Max 256GB Titanio Blanco Libre Refurbished,929.0,,PcComponentes,2026-04-15
"Samsung Galaxy A26 5G 6GB/128GB Smartphone 6.7"" Super AMOLED Android 15 Negro Versión Importada EU",209.0,,PcComponentes,2026-04-15
"Samsung Galaxy S26 Ultra 5G 16GB 1TB 6.9"" Violeta Cobalto",1949.0,,PcComponentes,2026-04-15
"POCO M8 Pro 5G 12GB 512GB 6.83"" Negro",329.0,,PcComponentes,2026-04-15
"Xiaomi REDMI Note 15 5G 12GB 512GB 6.77"" Púrpura",319.0,,PcComponentes,2026-04-15
"Xiaomi 17 5G 12GB 512GB 6.3"" Azul Hielo",1099.0,,PcComponentes,2026-04-15
Replay iPhone 12 128GB Blanco Libre Refurbished,225.0,,PcComponentes,2026-04-15
Apple iPhone 15 Pro Max 256GB Titanio Azul Libre,636.0,,PcComponentes,2026-04-15
"Xiaomi REDMI A5 4G 4GB 128GB 6.88"" Dorado",109.0,"4,4/5",PcComponentes,2026-04-15
"Samsung Galaxy S25 Ultra 5G 12GB 256GB 6.9"" Titanio Azul",1439.0,"4,8/5",PcComponentes,2026-04-15
"Xiaomi REDMI 15 4G 8GB 256GB 6.9"" Púrpura Arenoso",169.0,"4,5/5",PcComponentes,2026-04-15
"Xiaomi 15T Pro 5G 12GB 256GB 6.83"" Mocha Gold",599.0,"4,7/5",PcComponentes,2026-04-15
Replay iPhone 14 128GB Rojo Refurbished,337.34,"4,4/5",PcComponentes,2026-04-15
"POCO X8 Pro 5G 12GB 512GB 6.59"" Verde Menta",434.74,,PcComponentes,2026-04-15
"POCO X8 Pro 5G 8GB 512GB 6.59"" Negro",377.31,,PcComponentes,2026-04-15
"Motorola Edge 60 Pro 5G 12GB 512GB 6.67"" Azul",505.52,,PcComponentes,2026-04-15
"Motorola Edge 60 Pro 5G 12GB 6.67"" 512GB Gris pantalla Super HD",482.31,,PcComponentes,2026-04-15
"Motorola Edge 60 5G 12GB 512GB 6.67"" Azul Gibraltar Sea",351.76,,PcComponentes,2026-04-15
"Motorola Moto G77 5G 8GB 256GB 6.8"" Negro Black Olive",321.44,N/A,PcComponentes,2026-04-15
"Motorola Moto G56 5G 8GB 512GB 6.72"" Gris",218.75,,PcComponentes,2026-04-15
"Motorola Moto G56 5G 8GB 512GB 6.72"" Negro",218.75,,PcComponentes,2026-04-15
Samsung Galaxy S25 Ultra Smartphone con IA 256GB Batería 5.000mAh Titanio Azul Versión Importada EU,962.4,,PcComponentes,2026-04-15
Apple iPhone 15 128GB Rosa Libre,415.0,,PcComponentes,2026-04-15
"OnePlus 15 5G 16GB 512GB 6.78"" Negro",843.0,,PcComponentes,2026-04-15
"Xiaomi REDMI Note 13 5G 8GB 256GB 6.67"" Negro",199.99,,PcComponentes,2026-04-15
Smartphone Apple iPhone 16e 256GB Blanco OLED 48MP A18 USB-C iOS 18 5G,669.0,,PcComponentes,2026-04-15
"Realme 14x 5G 8GB 256GB 6.67"" Verde",150.9,,PcComponentes,2026-04-15
"Samsung Galaxy A56 5G 8GB 256GB 6.7"" Rosa",399.0,,PcComponentes,2026-04-15
"Samsung Galaxy S26 Ultra 5G 16GB 1TB 6.9"" Azul Cielo",1949.0,,PcComponentes,2026-04-15
"Xiaomi REDMI Note 14 Pro 4G 12GB 6.67"" 512GB Negro Medianoche batería 5500 mAh",269.0,,PcComponentes,2026-04-15
"Xiaomi REDMI Note 15 Pro Plus 5G 8GB 256GB 6.83"" Café Moca",399.0,,PcComponentes,2026-04-15
"Samsung Galaxy S26 Ultra 5G 16GB 1TB 6.9"" Negro",1949.0,,PcComponentes,2026-04-15
"OPPO A6 5G 6GB 256GB 6.75"" Negro",259.0,N/A,PcComponentes,2026-04-15
"Xiaomi REDMI Note 15 Pro Plus 5G 8GB 256GB 6.83"" Negro",399.0,,PcComponentes,2026-04-15
"Xiaomi REDMI Note 14 4G 6GB 128GB 6.67"" Negro Medianoche",149.0,,PcComponentes,2026-04-15
"POCO M8 5G 8GB 256GB 6.77"" Verde",209.0,,PcComponentes,2026-04-15
"Xiaomi REDMI Note 15 Pro Plus 5G 12GB 512GB 6.83"" Azul Glaciar",449.0,,PcComponentes,2026-04-15
"Smartphone Google Pixel 10 Pro 16GB 128GB 5G Dual SIM 6.3"" OLED Gemini IA 4870mAh Porcelana",875.66,,PcComponentes,2026-04-15
Replay iPhone 12 128GB Verde Libre Refurbished,219.0,,PcComponentes,2026-04-15
"Samsung Galaxy S24 5G 8GB 128GB 6.2"" Negro Onyx",499.99,,PcComponentes,2026-04-15
"OPPO A6 5G 6GB 256GB 6.75"" Aurora Gold",259.0,N/A,PcComponentes,2026-04-15
"Samsung Galaxy S26 5G 12GB 256GB 6.3"" Violeta Cobalto",999.0,,PcComponentes,2026-04-15
"POCO C85 4G 6GB 128GB 6.9"" Morado",109.0,,PcComponentes,2026-04-15
Apple iPhone 14 128GB Azul Libre,299.0,,PcComponentes,2026-04-15
"Xiaomi REDMI Note 14 Pro 5G 8GB 256GB 6.67"" Verde Coral",268.03,,PcComponentes,2026-04-15
"Samsung Galaxy A26 5G 8GB 256GB 6.7"" Blanco",269.0,,PcComponentes,2026-04-15
"Xiaomi 15T 5G 12GB 512GB 6.83"" Negro",519.0,,PcComponentes,2026-04-15
"Samsung Galaxy A16 4G 4GB 128GB 6.7"" Negro",138.0,,PcComponentes,2026-04-15
Apple iPhone 17 Pro 1TB Plata,1791.77,"4,5/5",PcComponentes,2026-04-15
"POCO M8 Pro 5G 12GB 512GB 6.83"" Plata",329.0,"4,7/5",PcComponentes,2026-04-15
"Samsung Galaxy A17 LTE 4GB RAM 128GB Super AMOLED 6.7"" IP54 5000mAh Gris Versión Importada EU",150.95,"4,5/5",PcComponentes,2026-04-15
Apple iPhone 14 Pro 256GB Negro Espacial Libre,449.0,"4,5/5",PcComponentes,2026-04-15
"Samsung Galaxy A26 5G 8GB 256GB 6.7"" Menta",269.0,"4,5/5",PcComponentes,2026-04-15
"Nothing Phone (4a) 5G 8GB 128GB 6.78"" Blanco",349.0,,PcComponentes,2026-04-15
"Smartphone Apple iPhone 16e 256GB Negro OLED 6.1"" A18 5G Dual SIM Face ID USB-C",749.0,,PcComponentes,2026-04-15
Replay iPhone 14 128GB Azul Refurbished,429.0,,PcComponentes,2026-04-15
"Xiaomi REDMI 15 4G 8GB 256GB 6.9"" Gris Titán",169.0,,PcComponentes,2026-04-15
Replay Apple iPhone 13 Pro 256GB Grafito Libre Refurbished,469.0,,PcComponentes,2026-04-15
"Realme 14 Pro 5G 12GB 512GB 6.77"" Blanco",277.9,,PcComponentes,2026-04-15
Apple iPhone 14 Pro 256GB Plata Libre,449.28,,PcComponentes,2026-04-15
"Nothing Phone (4a) 5G 12GB 256GB 6.78"" Blanco",429.0,,PcComponentes,2026-04-15
"Samsung Galaxy A17 4G 4GB 128GB 6.7"" Negro",189.0,,PcComponentes,2026-04-15
Apple iPhone Air 256GB Dorado Claro,959.0,,PcComponentes,2026-04-15
"POCO F8 Ultra 5G 16GB 512GB 6.9"" Negro",749.0,,PcComponentes,2026-04-15
Replay iPhone 12 128GB Púrpura Libre Refurbished,225.0,,PcComponentes,2026-04-15
"Nothing Phone (4a) Pro 5G 12GB 256GB 6.83"" Plata",549.0,,PcComponentes,2026-04-15
Replay iPhone 13 128GB Rosa Refurbished,319.0,,PcComponentes,2026-04-15
Apple iPhone 17 512GB Lavanda,1209.0,,PcComponentes,2026-04-15
"POCO M8 5G 8GB 256GB 6.77"" Plata",209.0,,PcComponentes,2026-04-15
"POCO X7 Pro 5G 8GB 256GB 6.67"" Negro",299.0,,PcComponentes,2026-04-15
"Xiaomi REDMI Note 14 Pro 5G 12GB 512GB 6.67"" Negro Medianoche",349.0,,PcComponentes,2026-04-15
"Xiaomi REDMI Note 14 5G 6GB 128GB 6.67"" Verde Coral",169.0,,PcComponentes,2026-04-15
Replay iPhone 15 Pro Max 256GB Titanio Natural Libre Refurbished,910.0,,PcComponentes,2026-04-15
"Realme 14 Pro 5G 8GB 256GB 6.77"" Blanco",228.99,,PcComponentes,2026-04-15
"Realme Note 70T 4G 4GB 128GB 6.74"" Negro",99.0,,PcComponentes,2026-04-15
"Xiaomi 15T Pro 5G 12GB 256GB 6.83"" Negro",599.0,,PcComponentes,2026-04-15
"Samsung Galaxy A56 5G 8GB 256GB 6.7"" Oliva",399.0,,PcComponentes,2026-04-15
"Samsung Galaxy S26 5G 12GB 256GB 6.3"" Negro + Galaxy Buds4 Negros",1181.93,,PcComponentes,2026-04-15
"Samsung Galaxy S23 Ultra 5G 8GB 256GB Negro 6.8"" Cámara cuádruple",789.0,,PcComponentes,2026-04-15
"Samsung Galaxy S26 Plus 5G 12GB 512GB 6.7"" Azul Cielo",1449.0,,PcComponentes,2026-04-15
"POCO M8 5G 8GB 256GB 6.77"" Negro",209.0,,PcComponentes,2026-04-15
"OPPO A5x 4G 4GB 128GB 6.67"" Azul",99.0,,PcComponentes,2026-04-15
Replay iPhone 15 128GB Azul Libre Refurbished,539.0,,PcComponentes,2026-04-15
"ZTE Blade A36 4G 4GB 64GB 6.75"" Negro",69.99,,PcComponentes,2026-04-15
"POCO F8 Pro 5G 12GB 512GB 6,59"" Negro Dual SIM",649.0,,PcComponentes,2026-04-15
"Motorola Moto G15 4G 8GB 256GB 6.72"" Gris",129.0,,PcComponentes,2026-04-15
Replay iPhone 13 Pro Max 128GB Azul Sierra Libre Refurbished,499.0,,PcComponentes,2026-04-15
"POCO M8 5G 8GB 512GB 6.77"" Verde",229.0,,PcComponentes,2026-04-15
"Samsung Galaxy S26 5G 12GB 256GB 6.3"" Azul Cielo",999.0,"4,7/5",PcComponentes,2026-04-15
Replay iPhone 13 256GB Azul Refurbished,369.0,"4,5/5",PcComponentes,2026-04-15
"Realme Note 70T 4G 4GB 128GB 6.74"" Dorado",99.0,"4,5/5",PcComponentes,2026-04-15
Replay iPhone 14 Pro 128GB Oro Refurbished,559.0,4/5,PcComponentes,2026-04-15
"Samsung Galaxy A17 5G 8GB 256GB 6.7"" Super AMOLED Móvil con IA Azul Versión Importada EU",245.94,"4,4/5",PcComponentes,2026-04-15
"Samsung Galaxy S26 Plus 5G 12GB 512GB 6.7"" Negro",1449.0,,PcComponentes,2026-04-15
"POCO X8 Pro 5G 8GB 256GB 6.59"" Blanco",329.0,,PcComponentes,2026-04-15
"Samsung Galaxy S23 Plus 5G 8GB 256GB 6.6"" Crema",610.0,,PcComponentes,2026-04-15
Apple iPhone 13 256GB Rosa Libre,285.9,,PcComponentes,2026-04-15
Replay iPhone 14 128GB Blanco Refurbished,399.0,,PcComponentes,2026-04-15
"OPPO Reno14 F 5G 8GB 256GB 6.57"" Luminous Green",329.0,,PcComponentes,2026-04-15
"Samsung Galaxy S25 FE 5G 8GB 256GB 6.7"" Negro",603.82,,PcComponentes,2026-04-15
"Samsung Galaxy XCover6 Pro 5G 6GB 128GB 6.6"" Negro",259.94,,PcComponentes,2026-04-15
"OPPO A5m 4G 8GB 256GB 6.67"" Morado",139.0,,PcComponentes,2026-04-15
"Xiaomi REDMI 15C 4G 4GB 256GB 6.9"" Negro Medianoche",129.0,,PcComponentes,2026-04-15
Apple iPhone 13 256GB Medianoche Libre,275.0,,PcComponentes,2026-04-15
"Xiaomi REDMI 15C 5G 4GB 128GB 6.9"" Verde Menta",129.0,,PcComponentes,2026-04-15
"Motorola Moto G15 4G 8GB 128GB 6.72"" Naranja",119.0,,PcComponentes,2026-04-15
"OPPO A5x 4G 4GB 128GB 6.67"" Blanco",99.0,,PcComponentes,2026-04-15
"ZTE Nubia Music 2 4G 4GB 128GB 6.7"" Melody Wave",91.98,,PcComponentes,2026-04-15
Apple iPhone 15 Pro 256GB Titanio Azul Libre,583.0,,PcComponentes,2026-04-15
"Samsung Galaxy S26 5G 12GB 512GB 6.3"" Violeta Cobalto",1199.0,,PcComponentes,2026-04-15
"Samsung Galaxy S25 FE 8GB 5G 128GB 6,7"" Negro Dual SIM",538.95,,PcComponentes,2026-04-15
"Google Pixel 9 Pro XL 5G 16GB 256GB 6.8"" Obsidiana",861.38,,PcComponentes,2026-04-15
"Samsung Galaxy S25 Ultra 5G 12GB 256GB 6.9"" Titanio Gris",1459.01,,PcComponentes,2026-04-15
"Samsung Galaxy S25 Ultra 5G 12GB 512GB 6.9"" Titanio Azul",1419.0,,PcComponentes,2026-04-15
"Doogee Fire 3 Ultra 4G 6GB 256GB 5.5"" Negro/Verde",149.99,,PcComponentes,2026-04-15
"Samsung Galaxy S25 Ultra 5G 12GB 512GB 6.9"" Plata",1499.0,,PcComponentes,2026-04-15
"OnePlus 15 5G 16GB 512GB 6.78"" Sand Storm",841.0,,PcComponentes,2026-04-15
"Xiaomi REDMI 15 5G 4GB 128GB 6.9"" Negro Medianoche",159.0,,PcComponentes,2026-04-15
"Xiaomi REDMI 15C 4G 8GB 256GB 6.9"" Azul Moonlight",159.0,,PcComponentes,2026-04-15
Apple iPhone 16 Plus Negro 128 GB,929.0,,PcComponentes,2026-04-15
"Smartphone Apple iPhone 16e 128GB Negro OLED 6,1"" 48MP A18 5G Face ID Dual SIM",480.0,,PcComponentes,2026-04-15
"Samsung Galaxy Xcover 7 5G Negro 6GB 128GB 6,6"" Pantalla FHD+",260.98,,PcComponentes,2026-04-15
"Google Pixel 10 5G 12GB 128GB 6.3"" Verde Lima",628.0,,PcComponentes,2026-04-15
"Samsung Galaxy S25 5G 12GB 256GB 6.2"" Azul",899.0,,PcComponentes,2026-04-15
"Samsung Galaxy S26 Plus 5G 12GB 512GB 6.7"" Violeta Cobalto",1449.0,,PcComponentes,2026-04-15
"Samsung Galaxy S25 Plus 5G 12GB 256GB 6.7"" Negro Azulado",808.88,,PcComponentes,2026-04-15
"POCO X8 Pro Max 5G 12GB 512GB 6.83"" Azul",579.0,,PcComponentes,2026-04-15
"Samsung S25 Plus 5G 12GB 256GB 6.7"" Gris",1158.0,,PcComponentes,2026-04-15
"Google Pixel 10 5G 12GB 256GB 6.3"" Glaciar",876.06,"4,5/5",PcComponentes,2026-04-15
"Samsung Galaxy A36 5G 6GB 128GB 6.7"" Lima",378.0,"4,6/5",PcComponentes,2026-04-15
Apple iPhone 17 512GB Azul Neblina,1209.0,"4,7/5",PcComponentes,2026-04-15
Replay iPhone 15 128GB Rosa Libre Refurbished,539.0,"4,4/5",PcComponentes,2026-04-15
Replay iPhone 14 256GB Blanco Refurbished,430.0,5/5,PcComponentes,2026-04-15
"Nothing Phone (4a) Pro 5G 12GB 256GB 6.83"" Rosa",549.0,,PcComponentes,2026-04-15
"Nothing Phone (4a) Pro 5G 8GB 128GB 6.83"" Plata",478.99,,PcComponentes,2026-04-15
"Samsung Galaxy S22 Ultra 5G 8GB 128GB 6.8"" Verde",359.99,,PcComponentes,2026-04-15
"ZTE Nubia Music 2 4G 4GB 128GB 6.7"" Pop Art",97.99,,PcComponentes,2026-04-15
"Samsung Galaxy A17 5G 4GB 128GB 6.7"" Super AMOLED Móvil con IA Gris Versión Importada EU",179.95,,PcComponentes,2026-04-15
"Nothing Phone (4a) 5G 12GB 256GB 6.78"" Negro",429.0,,PcComponentes,2026-04-15
"Samsung Galaxy A36 5G 6GB 6.7"" 128GB Negro Dual SIM",275.65,N/A,PcComponentes,2026-04-15
"Realme Note 70T 4G 4GB 256GB 6.74"" Negro",106.0,,PcComponentes,2026-04-15
"Xiaomi REDMI A5 4G 3GB 64GB 6.88"" Azul",89.0,,PcComponentes,2026-04-15
Apple iPhone 14 256GB Blanco Estrella Libre,329.4,,PcComponentes,2026-04-15
"Samsung Galaxy A17 LTE 4G 8GB 256GB 6.7"" Azul Claro",239.0,,PcComponentes,2026-04-15
"Samsung Galaxy A56 5G 8GB 128GB 6.7"" Rosa",478.0,,PcComponentes,2026-04-15
Apple iPhone 17 512GB Blanco,1209.0,,PcComponentes,2026-04-15
"OPPO A5 Pro 4G 8GB 256GB Marrón 6,67"" Pantalla Gorilla Glass",169.99,,PcComponentes,2026-04-15
"Xiaomi 17 Ultra 5G 16GB 512GB 6.9"" Blanco",1499.0,,PcComponentes,2026-04-15
"Samsung Galaxy Z Flip7 5G 12GB 512GB 6.9"" Negro Oscuro",1328.0,,PcComponentes,2026-04-15
"Xiaomi REDMI Note 14 4G 8GB 256GB 6.67"" Niebla Púrpura",179.0,,PcComponentes,2026-04-15
Replay iPhone 13 256GB Verde Refurbished,359.0,,PcComponentes,2026-04-15
"Samsung Galaxy S23 5G Negro 8GB 256GB 6.1"" Resistencia IP68",358.61,,PcComponentes,2026-04-15
"POCO X8 Pro 5G 8GB 512GB 6.59"" Blanco",371.27,,PcComponentes,2026-04-15
"Samsung Galaxy S25 Ultra 5G 12GB 256GB 6.9"" Negro Titanio",1439.0,,PcComponentes,2026-04-15
Replay Apple iPhone 16 128GB Negro Refurbished,699.0,N/A,PcComponentes,2026-04-15
"Nothing Phone (4a) 5G 8GB 128GB 6.78"" Negro",349.0,,PcComponentes,2026-04-15
"Samsung Galaxy S26 5G 12GB 512GB 6.3"" Blanco",1199.0,,PcComponentes,2026-04-15
"Samsung Galaxy S25 FE 5G 8GB 6.7"" 128GB Negro batería duradera",492.63,N/A,PcComponentes,2026-04-15
Replay iPhone 13 Pro Max 128GB Verde Alpino Libre Refurbished,479.0,,PcComponentes,2026-04-15
"Samsung Galaxy S25 5G 12GB 256GB 6.2"" Gris",849.0,,PcComponentes,2026-04-15
"Samsung Galaxy A37 5G 8GB 256GB 6.7"" Verde Oscuro",474.0,,PcComponentes,2026-04-15
"Samsung Galaxy S25 Ultra 5G 12GB 256GB 6.9"" Titanio Negro",1459.01,,PcComponentes,2026-04-15
"Crosscall Core-M6 5G 6GB 128GB 5.99"" Negro",322.9,N/A,PcComponentes,2026-04-15
"Samsung Galaxy A56 5G 8GB 128GB 6.7"" Oliva",478.0,,PcComponentes,2026-04-15
"Samsung Galaxy S25 Ultra 5G 12GB 512GB 6,9"" Negro Titanio, cámara cuádruple",1579.0,,PcComponentes,2026-04-15
"Realme 14 Pro Plus 5G 12GB 512GB 6.83"" Morado",350.0,,PcComponentes,2026-04-15
"OnePlus Nord 5 5G 8GB 256GB 6.83"" Phantom Grey",380.48,,PcComponentes,2026-04-15
"POCO M7 4G 8GB 256GB 6.9"" Plata",139.0,,PcComponentes,2026-04-15
